{
  "build": {
    "arduino": {
      "lorawan": {
        "rgb": "DEACTIVE"
      }
    },
    "core": "asr650x",
    "cpu": "cortex-m0plus",
    "extra_flags": "-DCubeCell_HalfAA",
    "f_cpu": "48000000L",
    "mcu": "asr6502",
    "variant": "CubeCell-HalfAA"
  },
  "frameworks": [
    "arduino"
  ],
  "name": "Heltec CubeCell-1/2AA Node (HTCC-AB02A)",
  "upload": {
    "maximum_ram_size": 16384,
    "maximum_size": 131072,
    "protocol": "serial",
    "require_upload_port": true
  },
  "url": "https://heltec.org/project/htcc-ab02a/",
  "vendor": "Heltec"
}
