{
  "name": "heltec-cubecell",
  "title": "Heltec CubeCell",
  "description": "Heltec CubeCell is an easy-to-use LoRa Node series brand based on a highly integrated and ultra low power SoC and the LoRa SX1262 transceiver.",
  "homepage": "https://heltec.org/",
  "keywords": [
      "dev-platform",
      "ARM",
      "PSoC",
      "Semtech",
      "SX1262",
      "Heltec",
      "CubeCell",
      "LoRa",
      "ASR Microelectronics"
  ],
  "license": "Apache-2.0",
  "engines": {
    "platformio": "^6"
  },
  "repository": {
    "type": "git",
    "url": "https://github.com/HelTecAutomation/platform-heltec-cubecell.git"
  },
  "version": "1.1.0",
  "frameworks": {
    "arduino": {
      "package": "framework-arduinocubecell",
      "script": "builder/frameworks/arduino.py"
    }
  },
  "packages": {
    "toolchain-gccarmnoneeabi": {
      "type": "toolchain",
      "owner": "platformio",
      "version": "~1.90201.0"
    },
    "framework-arduinocubecell": {
      "type": "framework",
      "owner": "heltecautomation",
      "version": "~1.6.0",
      "optional": true
    },
    "tool-cubecellelftool": {
      "owner": "heltecautomation",
      "version": "~0.0.1"
    },
    "tool-cubecellflash": {
      "type": "uploader",
      "optional": true,
      "owner": "heltecautomation",
      "version": "~0.0.1"
    },
    "tool-cubecellflash6601": {
      "type": "uploader",
      "optional": true,
      "owner": "heltecautomation",
      "version": "~0.0.1"
    }
  }
}
